Country/Region,Deaths,Cases,Country Code,Population,Cases3dayAvg,Cases7dayAvg,Cases14dayAvg,Deaths3dayAvg,Deaths7dayAvg,Deaths14dayAvg,flights,pollution,unemp%,hospbeds,railways,urbanpop%,popdensity%,GDP/cap,shipping,lifeExpYrs,inflation,fertility,COD disease,DTP immunized,pop% >= 65,trade%
United States,755636,46613141,USA,322941311,59058.0,73235.0,73435.28571428571,570.0,1148.4285714285713,1199.4285714285713,10099031.0,7.41,3.67,2.87,150462.3,82.46,35.89,65279.53,55518880.0,78.79,1.81,1.7,5.3,94.0,16.21,19.65
India,461389,34377113,IND,1324509589,10810.0,11553.714285714286,12493.642857142857,374.6666666666667,358.42857142857144,451.5,1209803.0,90.87,5.27,0.53,68155.0,34.47,459.58,6994.03,17053200.0,69.66,3.72,2.2,24.17,91.0,6.38,28.23
Brazil,609573,21886077,BRA,206163058,7873.0,10197.714285714286,10751.214285714286,171.0,235.85714285714286,269.2142857142857,814301.0,12.71,11.93,2.09,32622.0,86.82,25.25,15076.4,10982130.0,75.88,3.73,1.72,13.71,73.0,9.25,21.82
United Kingdom,142293,9379286,GBR,65611593,30889.333333333332,34120.71428571428,37727.28571428572,91.33333333333333,170.71428571428572,164.5,1061464.0,10.47,3.74,2.46,16295.0,83.65,276.26,48438.58,10276500.0,81.2,1.74,1.65,8.16,93.0,18.51,41.17
Russia,243405,8689818,RUS,144342396,38831.666666666664,38930.42857142857,38562.28571428572,1154.0,1155.2857142857142,1135.642857142857,986608.0,16.16,4.6,7.12,85494.0,74.59,8.82,29188.85,5311700.0,73.08,4.47,1.5,3.9,97.0,15.09,39.97
Turkey,72314,8261473,TUR,79821724,27534.0,28548.14285714286,27288.214285714286,196.66666666666666,212.28571428571428,212.14285714285714,741933.0,44.31,13.67,2.85,10378.0,75.63,108.4,27318.43,11679100.0,77.69,15.18,2.06,5.17,99.0,8.73,51.37
France,118924,7321767,FRA,66721256,6821.333333333333,7336.714285714285,6674.0,31.333333333333332,41.714285714285715,33.714285714285715,598374.0,11.81,8.44,5.91,28241.0,80.71,122.82,49377.13,5871100.0,82.58,1.11,1.87,6.37,96.0,20.39,44.91
Iran,127439,5996155,IRN,79564016,7566.0,8808.57142857143,9128.214285714286,128.66666666666666,140.42857142857142,148.28571428571428,186006.0,38.98,11.14,1.56,9146.0,75.39,50.91,12913.16,1516900.0,76.68,39.91,2.15,8.09,99.0,6.36,41.64
Argentina,116143,5298069,ARG,43590368,936.3333333333334,1160.5714285714287,1177.4285714285713,20.0,22.0,20.857142857142858,163106.0,13.31,9.84,4.99,17866.0,91.99,16.42,22996.99,1998822.0,76.67,0.0,2.25,17.6,86.0,11.24,25.65
Spain,87558,5032056,ESP,46484062,2139.0,2986.8571428571427,2131.3571428571427,18.0,27.142857142857142,26.571428571428573,677578.54,9.7,14.1,2.97,15718.0,80.56,94.34,42185.59,17372960.0,83.49,0.7,1.24,5.61,96.0,19.65,50.74
Colombia,127571,5016959,COL,48171392,1992.3333333333333,1854.5714285714287,1740.9285714285713,38.333333333333336,37.142857142857146,33.714285714285715,371985.0,16.53,9.96,1.71,0.0,81.1,45.37,15630.08,4254900.0,77.29,3.53,1.79,10.34,92.0,8.77,28.5
Germany,96731,4816177,DEU,82348669,20096.666666666668,28129.14285714286,23624.285714285714,79.66666666666667,127.57142857142857,113.07142857142857,896647.18,12.03,3.14,8.0,33422.0,77.38,237.83,55891.2,19596420.0,80.94,1.45,1.54,4.76,93.0,21.56,70.04
Italy,132423,4812594,ITA,60627498,5709.666666666667,5401.571428571428,4919.571428571428,29.666666666666668,43.285714285714285,40.5,260599.0,16.75,9.95,3.14,16778.6,70.74,200.61,44821.01,10014210.0,83.2,0.61,1.27,5.5,95.0,23.01,50.51
Indonesia,143557,4248409,IDN,261554226,363.0,521.1428571428571,566.4285714285714,12.666666666666666,19.142857142857142,23.0,808265.0,16.5,3.62,1.04,6062.0,55.98,144.14,12312.6,14763630.0,71.72,3.03,2.29,18.93,85.0,6.05,30.29
Mexico,289734,3826786,MEX,123333376,2856.6666666666665,2796.4285714285716,3024.1428571428573,201.0,195.57142857142858,231.28571428571428,605632.0,20.92,3.48,0.98,14388.0,80.44,65.63,20447.89,7090800.0,75.05,3.64,2.1,9.09,82.0,7.42,73.14
Ukraine,77156,3233178,UKR,45004645,19651.666666666668,22864.714285714286,22822.285714285714,603.3333333333334,679.1428571428571,627.9285714285714,62113.33,20.31,8.19,7.46,21626.0,69.47,76.61,13350.48,1340400.0,71.83,7.89,1.23,3.13,80.0,16.7,71.9
Poland,77760,3111534,POL,37970087,11672.0,11626.142857142857,9689.57142857143,71.0,106.85714285714286,93.78571428571429,131419.0,20.88,3.28,6.54,18538.0,60.04,124.0,34151.79,3046440.0,77.86,2.23,1.42,5.85,95.0,18.12,89.26
South Africa,89352,2924072,ZAF,56203654,226.33333333333334,264.2857142857143,306.7142857142857,19.0,24.714285714285715,29.857142857142858,243803.0,25.1,28.47,2.3,20953.0,66.86,48.27,13009.67,4769700.0,64.13,4.12,2.38,35.68,77.0,5.42,56.21
Philippines,44521,2805294,PHL,103663927,2436.0,2131.285714285714,3141.9285714285716,145.33333333333334,177.85714285714286,184.21428571428572,320569.0,18.07,2.24,0.99,509.0,47.15,362.6,9291.04,8983520.0,71.23,2.48,2.53,24.28,65.0,5.31,49.97
Malaysia,29349,2510852,MYS,30684804,4529.0,4940.571428571428,5311.0,49.0,53.42857142857143,61.214285714285715,498878.0,16.04,3.31,1.88,2783.0,76.61,97.24,29564.01,26215100.0,76.16,0.66,1.98,18.14,98.0,6.92,121.53
Netherlands,19025,2253015,NLD,17030314,11733.0,10472.142857142857,8961.357142857143,22.333333333333332,23.285714285714285,19.071428571428573,361156.0,12.03,3.38,3.17,3200.0,91.88,515.14,59469.08,14986800.0,82.01,2.63,1.57,6.0,94.0,19.61,147.69
Peru,200469,2207890,PER,30926032,801.3333333333334,814.4285714285714,830.7857142857143,32.0,27.571428571428573,27.571428571428573,141311.0,24.79,3.03,1.59,1639.0,78.1,25.4,13302.11,2330362.0,76.74,2.14,2.23,17.54,88.0,8.39,39.38
Iraq,23372,2064011,IRQ,36610632,929.6666666666666,1087.142857142857,1157.142857142857,25.0,25.142857142857142,27.071428571428573,30270.0,61.64,12.76,1.32,2370.0,70.68,90.55,11589.3,932728.6,70.6,-0.2,3.6,15.3,84.0,3.4,57.8
Thailand,19703,1975591,THA,68971331,5184.0,7914.571428571428,8316.714285714286,30.666666666666668,63.285714285714285,64.57142857142857,489963.0,26.26,0.72,2.1,4092.0,50.69,136.28,19208.6,10755780.0,77.15,0.71,1.51,13.9,97.0,12.41,88.66
Canada,29246,1743338,CAN,36109487,2458.0,2372.285714285714,2325.214285714286,20.333333333333332,24.142857142857142,27.714285714285715,1215983.0,6.43,5.66,2.52,47687.4,81.48,4.19,50510.75,7004090.0,82.05,1.95,1.47,4.77,91.0,17.65,52.27
Japan,18309,1723782,JPN,126994511,162.33333333333334,193.57142857142858,224.0,1.6666666666666667,5.428571428571429,7.571428571428571,1018436.0,11.7,2.4,12.98,19122.5,91.7,346.41,42338.03,21708860.0,84.36,0.48,1.36,10.3,98.0,28.0,27.71
Chile,37879,1711442,CHL,18209068,2538.6666666666665,2093.714285714286,1999.357142857143,21.666666666666668,14.571428571428571,13.857142857142858,143964.0,21.04,7.29,2.06,2120.0,87.64,25.49,26247.39,4658310.0,80.18,2.56,1.63,7.11,96.0,11.88,50.0
Romania,50996,1711137,ROU,19702468,5868.333333333333,8016.142857142857,10001.57142857143,303.0,417.57142857142856,429.7142857142857,58509.0,14.61,3.91,6.89,10759.0,54.08,84.2,32349.2,664700.0,75.46,3.83,1.76,5.33,88.0,18.79,69.45
Bangladesh,27901,1571228,BGD,157970840,247.66666666666666,210.71428571428572,231.92857142857142,4.666666666666667,4.428571428571429,5.214285714285714,58497.0,60.85,4.22,0.79,2877.0,37.4,1252.56,4954.76,2659950.0,72.59,5.59,2.01,22.61,98.0,5.18,32.53
Belgium,26200,1438830,BEL,11331422,11760.666666666666,11168.57142857143,7902.0,31.666666666666668,29.428571428571427,22.214285714285715,137206.82,12.89,5.36,5.58,3607.0,98.04,379.42,54693.35,13570790.0,81.75,1.44,1.57,7.9,98.0,19.01,164.02
Israel,8124,1334766,ISR,8546000,501.0,935.4285714285714,766.1428571428571,4.0,3.0,4.428571428571429,47318.0,21.38,3.8,2.98,1598.92,92.5,418.39,41947.59,2917000.0,82.8,0.84,3.01,10.32,98.0,12.21,34.23
Pakistan,28558,1277560,PAK,203627284,440.0,506.14285714285717,553.8571428571429,13.333333333333334,13.142857142857142,11.857142857142858,49749.0,58.28,3.98,0.63,7791.0,36.91,280.93,4888.85,3367850.0,67.27,10.58,3.45,33.15,75.0,4.32,26.48
Serbia,10472,1187373,SRB,7058322,4346.666666666667,5532.571428571428,5946.857142857143,67.0,64.85714285714286,64.35714285714286,30964.0,24.73,10.4,5.61,3724.47,56.26,79.41,18929.88,0.0,75.69,1.85,1.52,2.71,97.0,18.74,90.06
Sweden,15057,1177094,SWE,9923085,0.0,797.4285714285714,792.7142857142857,0.0,4.571428571428571,4.571428571428571,190315.0,6.18,6.83,2.14,9701.0,87.71,25.24,55027.37,1630900.0,82.96,1.78,1.7,5.92,98.0,20.2,59.85
Portugal,18209,1098125,PRT,10325452,929.3333333333334,997.5714285714286,905.2857142857143,5.333333333333333,6.714285714285714,5.071428571428571,186711.0,8.16,6.46,3.45,2526.15,65.76,112.29,36760.12,2920700.0,80.68,0.34,1.42,8.52,99.0,22.36,65.38
Kazakhstan,17330,1030911,KAZ,17794055,1159.0,1351.2857142857142,1499.5,22.333333333333332,25.714285714285715,26.642857142857142,70980.0,13.82,4.8,6.06,16060.8,57.54,6.86,27466.22,0.0,73.18,5.25,2.9,5.12,97.0,7.65,52.33
Vietnam,22598,976672,VNM,93638724,7708.333333333333,7136.0,6006.642857142857,62.0,66.71428571428571,61.42857142857143,332029.0,29.63,2.04,2.6,2481.0,36.63,311.1,8381.24,13658930.0,75.4,2.8,2.05,9.3,89.0,7.55,197.64
Cuba,8265,956452,CUB,11335109,501.3333333333333,545.4285714285714,678.0,2.6666666666666665,3.5714285714285716,5.285714285714286,7140.0,19.71,1.67,5.33,5075.6,77.11,109.19,0.0,340950.0,78.8,0.0,1.6,9.22,99.0,15.56,11.6
Morocco,14721,947451,MAR,35126296,104.0,166.85714285714286,219.5,6.666666666666667,6.142857142857143,7.142857142857143,91254.0,32.59,9.01,1.0,2295.0,62.99,81.72,7856.25,6040400.0,76.68,0.3,2.38,8.91,99.0,7.3,66.72
Hungary,31398,909998,HUN,9814023,5944.666666666667,5052.571428571428,4248.928571428572,71.33333333333333,73.85714285714286,59.357142857142854,213664.0,15.93,3.42,7.01,7587.7,71.64,107.07,33949.63,0.0,76.02,3.34,1.49,1.98,99.0,19.69,149.47
Switzerland,11282,894093,CHE,8373338,2215.6666666666665,2427.8571428571427,2027.5,3.0,5.714285714285714,6.357142857142857,225755.0,10.3,4.39,4.63,3236.25,73.85,217.01,70276.55,103411.0,83.7,0.36,1.48,4.75,96.0,18.84,80.87
Austria,11515,892065,AUT,8736668,8891.666666666666,8080.142857142857,6472.071428571428,21.333333333333332,20.857142857142858,18.142857142857142,330226.0,12.48,4.49,7.27,4877.0,58.52,107.61,58649.67,285900.0,81.79,1.53,1.46,3.57,85.0,19.08,81.66
Jordan,11145,878366,JOR,9551467,1927.0,1957.857142857143,1811.0,14.333333333333334,13.285714285714286,12.857142857142858,36550.0,33.01,16.85,1.47,1596.0,91.2,113.78,10497.3,798200.0,74.53,0.76,2.69,10.01,89.0,3.89,61.76
Nepal,11453,814929,NPL,27261131,213.33333333333334,274.0,371.42857142857144,5.0,5.285714285714286,6.571428571428571,27035.0,99.73,2.85,0.3,0.0,20.15,199.57,3692.72,0.0,70.78,5.57,1.88,24.82,93.0,5.78,38.93
Greece,16361,792239,GRC,10775971,5991.333333333333,6377.714285714285,5138.857142857143,53.666666666666664,53.0,48.5,151848.0,16.22,17.31,4.2,2279.0,79.39,83.18,30869.15,6098800.0,81.94,0.25,1.35,12.85,99.0,21.94,48.91
Georgia,10509,755046,GEO,3727505,3845.0,4808.285714285715,4347.428571428572,69.66666666666667,60.0,51.5,7240.0,22.2,11.57,2.89,1285.0,59.04,65.09,15623.15,277125.0,73.77,4.85,2.06,2.75,94.0,15.06,76.18
United Arab Emirates,2142,740500,ARE,9360980,70.33333333333333,73.85714285714286,79.92857142857143,1.3333333333333333,0.8571428571428571,0.7857142857142857,425667.27,40.92,2.28,1.38,261.0,86.79,137.57,69957.62,19171000.0,77.97,-1.93,1.39,7.09,99.0,1.16,156.08
Tunisia,25281,713352,TUN,11303946,93.66666666666667,82.28571428571429,109.35714285714286,6.666666666666667,5.285714285714286,9.0,36763.0,37.66,15.13,2.18,1777.0,69.25,75.27,11096.3,486900.0,76.7,6.72,2.17,7.14,92.0,8.59,93.09
Lebanon,8551,646869,LBN,6711121,588.3333333333334,663.4285714285714,629.6428571428571,5.666666666666667,6.0,6.571428571428571,26942.0,30.62,6.04,2.73,401.0,88.76,670.16,15166.98,1229100.0,78.93,3.01,2.08,5.55,83.0,7.27,47.07
Bulgaria,25408,638048,BGR,7127822,3122.6666666666665,4221.285714285715,4481.571428571428,156.0,157.0,149.42857142857142,10111.0,19.15,4.23,7.45,4030.0,75.35,64.26,24579.22,261900.0,74.91,3.1,1.58,2.21,92.0,21.25,103.57
Belarus,4758,615814,BLR,9501534,1930.6666666666667,1965.142857142857,1970.2142857142858,15.333333333333334,16.0,16.285714285714285,35741.0,18.77,4.71,10.83,5459.0,79.04,46.4,19683.83,0.0,74.23,5.6,1.38,1.61,98.0,15.2,112.47
Guatemala,15474,605749,GTM,16583060,387.6666666666667,584.5714285714286,763.0,45.333333333333336,48.142857142857146,51.857142857142854,2623.0,24.07,2.36,0.44,322.0,51.44,154.95,8982.99,1529000.0,74.3,3.7,2.82,22.31,85.0,4.93,40.32
Costa Rica,7164,562966,CRI,4899345,216.66666666666666,343.2857142857143,414.35714285714283,10.0,12.285714285714286,12.928571428571429,44878.0,15.73,11.49,1.1,848.0,80.08,98.86,21059.92,1530500.0,80.28,2.1,1.74,7.13,95.0,9.88,45.79
Saudi Arabia,8805,548973,SAU,32442572,41.666666666666664,43.857142857142854,47.857142857142854,1.0,1.2857142857142858,1.7857142857142858,269872.0,87.95,6.13,2.24,2939.0,84.06,15.94,48948.17,8905391.0,75.13,-2.09,2.28,7.13,96.0,3.41,52.31
Azerbaijan,7293,548591,AZE,9757812,2147.0,2288.714285714286,2199.214285714286,28.333333333333332,27.428571428571427,27.0,22254.0,19.93,4.84,4.82,2139.87,56.03,121.28,15010.39,0.0,73.0,2.61,1.8,5.99,94.0,6.45,69.13
Sri Lanka,13875,545935,LKA,21203000,640.6666666666666,613.7142857142857,663.5714285714286,18.0,16.428571428571427,16.785714285714285,33050.0,11.1,4.27,4.15,1561.71,18.58,352.43,13625.75,7230000.0,76.98,3.53,2.19,9.47,99.0,10.84,37.96
Ecuador,32989,519386,ECU,16491115,370.6666666666667,503.85714285714283,266.2142857142857,2.0,4.428571428571429,2.5714285714285716,50575.0,14.89,3.81,1.39,956.0,63.99,69.95,11777.76,2096300.0,77.01,0.27,2.4,12.34,85.0,7.37,41.53
Bolivia,18967,518266,BOL,11031813,345.6666666666667,636.5714285714286,596.2142857142857,2.3333333333333335,5.571428571428571,4.714285714285714,49931.0,21.57,3.46,1.29,1244.0,69.77,10.63,9093.43,0.0,71.51,1.84,2.69,18.62,75.0,7.34,45.34
Croatia,9546,502569,HRV,4174349,4165.0,4442.142857142857,4040.285714285714,48.666666666666664,42.142857142857146,34.714285714285715,27711.0,17.9,6.62,5.54,2617.0,57.24,71.84,30245.98,331300.0,78.42,0.77,1.47,3.4,94.0,20.86,74.63
Panama,7335,473522,PAN,4037078,113.0,122.57142857142857,132.35714285714286,4.333333333333333,2.857142857142857,1.7857142857142858,110042.0,11.4,4.74,2.25,485.0,68.06,57.25,32767.7,7355100.0,78.51,-0.36,2.44,13.37,88.0,8.31,49.13
Ireland,5492,472547,IRL,4755335,3424.6666666666665,3442.5714285714284,2916.0714285714284,0.0,8.0,8.785714285714286,967456.0,8.21,4.95,2.97,1888.0,63.4,71.63,87212.05,1058000.0,82.3,0.94,1.7,5.68,94.0,14.22,67.73
Paraguay,16266,461413,PRY,6777872,46.0,46.714285714285715,47.07142857142857,2.6666666666666665,2.4285714285714284,2.4285714285714284,8090.0,11.91,6.6,0.83,441.0,61.88,17.73,13231.71,10512.5,74.25,2.76,2.4,13.95,86.0,6.62,53.28
West Bank and Gaza,4724,455689,PSE,4367088,196.66666666666666,272.42857142857144,302.14285714285717,6.333333333333333,6.142857142857143,6.285714285714286,0.0,33.23,25.34,1.2,0.0,76.44,778.29,6481.15,0.0,74.05,1.58,3.56,0.0,0.0,3.17,0.0
Lithuania,6135,428541,LTU,2868231,2393.6666666666665,2565.8571428571427,2750.714285714286,29.333333333333332,31.714285714285715,33.857142857142854,2519.0,11.85,6.26,6.43,1911.0,67.86,44.61,38756.11,703000.0,76.13,2.33,1.61,3.41,92.0,20.16,126.12
Kuwait,2462,412869,KWT,3956873,25.333333333333332,23.0,22.285714285714285,0.0,0.0,0.07142857142857142,50959.0,60.75,2.41,2.04,0.0,100.0,236.09,51363.74,959575.6,75.49,1.09,2.08,7.09,91.0,2.76,72.0
Denmark,2746,408404,DNK,5728010,3070.0,2306.0,2015.5714285714287,6.333333333333333,3.857142857142857,3.2142857142857144,99598.0,10.03,5.02,2.6,2131.0,87.99,145.36,60334.81,874900.0,81.2,0.76,1.7,6.83,97.0,19.97,60.02
Uruguay,6088,395410,URY,3424132,165.33333333333334,193.85714285714286,220.78571428571428,1.3333333333333333,1.1428571428571428,1.0714285714285714,8731.0,9.27,9.35,2.43,1498.0,95.43,19.78,21973.82,749562.0,77.91,7.88,1.96,7.15,94.0,14.94,26.01
Dominican Republic,4153,389090,DOM,10397743,935.0,944.8571428571429,882.4285714285714,1.6666666666666667,2.857142857142857,3.0714285714285716,13796.0,13.73,6.36,1.56,0.0,81.83,222.29,19191.58,1338403.0,74.08,1.81,2.32,12.58,89.0,7.3,35.42
Honduras,10312,376595,HND,9270795,104.66666666666667,173.42857142857142,174.78571428571428,1.3333333333333333,10.428571428571429,8.642857142857142,16602.0,20.63,5.57,0.64,0.0,57.73,87.1,5980.06,790800.0,75.27,4.37,2.43,10.68,87.0,4.83,81.88
Mongolia,1817,367412,MNG,3056359,726.3333333333334,867.7142857142857,1112.642857142857,9.666666666666666,8.857142857142858,10.0,8310.0,40.11,5.31,8.0,1810.0,68.54,2.07,12837.67,0.0,69.87,7.3,2.87,6.31,98.0,4.19,98.22
Ethiopia,6551,367369,ETH,103603501,195.33333333333334,285.2857142857143,335.5,11.333333333333334,12.0,12.428571428571429,119542.0,38.98,2.04,0.33,754.0,21.22,99.25,2315.35,0.0,66.6,15.84,4.15,44.65,69.0,3.52,18.08
Libya,5218,361709,LBY,6492164,481.0,535.0,535.2857142857143,10.666666666666666,13.714285714285714,13.571428571428571,11339.0,54.25,18.34,3.2,0.0,80.39,3.85,15815.88,271230.6,72.91,2.61,2.21,10.39,73.0,4.46,81.16
Slovenia,4843,357262,SVN,2065042,2422.0,2879.1428571428573,2617.285714285714,12.333333333333334,12.428571428571429,10.714285714285714,16717.0,16.02,4.45,4.43,1209.0,54.82,103.71,41193.84,934200.0,81.28,1.63,1.61,2.65,95.0,20.19,164.18
Moldova,8144,347105,MDA,2802170,847.3333333333334,1141.5714285714287,1272.2142857142858,45.666666666666664,45.142857142857146,43.5,11899.0,16.25,5.1,5.66,1151.0,42.73,92.72,13572.7,818.0,71.9,4.84,1.27,4.47,91.0,12.01,72.04
Armenia,6700,321243,ARM,2936146,1468.0,1692.2857142857142,1763.642857142857,39.333333333333336,45.857142857142854,46.07142857142857,2133.0,32.53,18.81,4.2,685.66,63.22,103.89,14231.18,0.0,75.09,1.44,1.76,6.69,92.0,11.48,59.64
Oman,4113,304375,OMN,4479219,15.333333333333334,10.857142857142858,13.714285714285714,0.3333333333333333,0.2857142857142857,0.21428571428571427,79436.0,41.12,1.84,1.47,0.0,85.44,16.07,28448.86,4838712.0,77.86,0.13,2.84,9.76,99.0,2.45,81.53
Bahrain,1393,277098,BHR,1425791,29.0,32.0,35.0,0.0,0.0,0.0,57321.0,70.82,1.56,1.74,0.0,89.39,2104.06,47087.54,408402.0,77.29,1.01,1.96,5.01,99.0,2.52,81.55
Bosnia and Herzegovina,11840,259913,BIH,3386267,837.3333333333334,795.0,754.5714285714286,41.0,33.285714285714285,31.642857142857142,108.0,27.75,15.69,3.49,1018.05,48.63,64.47,15817.1,0.0,77.4,0.56,1.25,1.81,73.0,17.2,87.8
Kenya,5312,253853,KEN,49051686,38.666666666666664,73.42857142857143,83.21428571428571,5.333333333333333,4.428571428571429,3.7142857142857144,138192.0,28.58,2.6,1.4,1917.0,27.51,92.37,4512.98,1425000.0,66.7,5.24,3.42,48.29,92.0,2.42,24.6
Qatar,611,240247,QAT,2654374,125.33333333333333,124.71428571428571,114.78571428571429,0.0,0.0,0.14285714285714285,207143.0,91.19,0.12,1.25,0.0,99.19,246.48,93851.75,1338195.0,80.23,-0.67,1.85,4.95,98.0,1.52,58.07
Latvia,3515,232247,LVA,1959537,1188.6666666666667,1762.2857142857142,2056.214285714286,23.666666666666668,35.142857142857146,33.285714285714285,61692.0,13.43,6.31,5.49,1859.6,68.22,30.82,32047.35,470132.0,75.24,2.81,1.61,3.04,99.0,20.34,101.79
Singapore,511,220803,SGP,5607283,2686.0,2851.285714285714,3213.214285714286,14.333333333333334,12.857142857142858,13.0,215014.0,19.08,3.1,2.49,0.0,100.0,8044.53,101936.74,37983000.0,83.5,0.57,1.14,20.71,96.0,12.39,200.34
Norway,921,218387,NOR,5234519,1197.3333333333333,1396.0,1212.642857142857,-0.3333333333333333,2.7142857142857144,1.9285714285714286,254045.0,6.96,3.69,3.53,4200.0,82.62,14.65,67978.72,836102.0,82.91,2.17,1.53,7.68,97.0,17.27,46.39
Nigeria,2906,212765,NGA,185960289,84.66666666666667,102.0,113.85714285714286,1.3333333333333333,1.1428571428571428,1.5714285714285714,68830.0,71.8,8.53,0.5,3528.0,51.16,220.65,5352.68,1484000.0,54.69,11.4,5.32,65.21,57.0,2.74,26.28
Zambia,3664,209908,ZMB,16363507,18.666666666666668,24.142857142857142,19.214285714285715,0.6666666666666666,0.42857142857142855,0.35714285714285715,1298.0,27.44,11.91,2.0,1248.0,44.07,24.03,3617.21,0.0,63.89,9.15,4.56,56.52,88.0,2.12,61.04
Algeria,5950,207254,DZA,40551404,86.33333333333333,98.28571428571429,96.5,3.6666666666666665,3.7142857142857144,4.0,76001.0,38.88,11.81,1.9,4020.25,73.19,18.08,11997.34,1080000.0,76.88,1.95,2.99,12.98,91.0,6.55,45.43
North Macedonia,7242,206233,MKD,2080745,403.6666666666667,504.0,452.2857142857143,12.666666666666666,13.857142857142858,12.857142857142858,1389.0,29.73,17.26,4.28,683.0,58.21,82.61,17583.38,0.0,75.8,0.77,1.49,1.28,92.0,14.09,132.78
Estonia,1617,205883,EST,1315790,1084.6666666666667,1500.142857142857,1611.642857142857,12.0,11.0,10.571428571428571,22.0,6.73,4.45,4.57,1033.0,69.05,30.52,38819.34,222600.0,78.5,2.28,1.66,3.58,91.0,19.99,109.94
Botswana,2409,193449,BWA,2159944,171.33333333333334,881.1428571428571,533.1428571428571,0.6666666666666666,0.2857142857142857,0.5,6361.0,23.09,17.21,1.8,886.0,70.17,4.06,18506.52,0.0,69.59,2.77,2.84,44.9,95.0,4.37,64.29
Albania,2966,189355,ALB,2876101,453.6666666666667,551.1428571428571,528.2142857142857,6.0,5.0,6.142857142857143,2558.0,18.2,11.47,2.89,423.0,61.23,104.17,14224.07,18479.35,78.57,1.41,1.6,3.02,99.0,14.2,56.34
Uzbekistan,1340,188169,UZB,31847900,262.6666666666667,275.0,302.92857142857144,2.0,2.142857142857143,2.4285714285714284,25300.0,28.46,5.65,3.98,4642.0,50.43,76.22,7335.62,0.0,71.72,0.0,2.78,8.21,96.0,4.6,62.17
Australia,1841,182870,AUS,24190907,1314.3333333333333,1386.4285714285713,1489.5714285714287,12.0,12.142857142857142,13.428571428571429,684170.0,8.55,5.16,3.84,8829.31,86.12,3.3,52203.13,8282189.0,82.9,1.61,1.66,4.94,95.0,15.92,35.27
Finland,1200,164492,FIN,5495303,672.0,785.8571428571429,686.0,4.0,4.285714285714286,3.5714285714285716,131089.0,5.86,6.7,3.61,5923.0,85.45,18.17,51619.83,1617214.0,81.79,1.02,1.35,1.42,91.0,22.14,54.76
Kosovo,2978,160880,XKX,1816200,14.333333333333334,16.142857142857142,17.285714285714285,0.0,0.14285714285714285,0.21428571428571427,0.0,0.0,0.0,0.0,0.0,0.0,164.51,11930.99,0.0,72.5,2.68,1.97,0.0,0.0,0.0,0.0
Afghanistan,7288,156397,AFG,35383128,1.6666666666666667,16.142857142857142,25.5,1.3333333333333333,1.0,2.0,7334.0,56.91,10.98,0.39,0.0,25.75,58.27,2152.37,0.0,64.83,2.3,4.32,32.93,66.0,2.62,39.61
Mozambique,1934,151371,MOZ,27829942,6.333333333333333,9.857142857142858,10.357142857142858,0.3333333333333333,0.42857142857142855,0.42857142857142855,12178.0,21.3,3.19,0.7,3116.0,36.53,38.61,1335.7,427300.0,60.85,2.78,4.78,54.44,88.0,2.88,79.11
Montenegro,2163,148997,MNE,622303,532.0,615.0,550.3571428571429,7.666666666666667,8.0,6.571428571428571,7192.0,20.78,15.12,3.86,249.0,67.15,46.25,23343.93,15744.41,76.88,0.36,1.75,1.41,86.0,15.39,60.87
Zimbabwe,4690,133205,ZWE,14030390,31.0,28.285714285714285,36.92857142857143,1.6666666666666667,1.5714285714285714,1.2142857142857142,3444.0,22.25,5.02,1.7,2583.0,32.21,37.86,411.17,0.0,61.49,10.62,3.53,47.65,90.0,2.98,53.66
Ghana,1188,130391,GHA,28481946,0.0,44.857142857142854,31.642857142857142,0.0,1.8571428571428572,1.1428571428571428,15617.0,34.71,4.12,0.9,953.0,56.71,133.68,5604.13,1100205.0,64.07,7.18,3.82,45.24,97.0,3.1,43.25
Namibia,3563,129014,NAM,2358041,9.666666666666666,10.857142857142858,11.785714285714286,1.0,1.2857142857142858,0.9285714285714286,1806.0,25.36,19.75,2.7,0.0,51.04,3.03,10098.86,185327.5,63.71,3.72,3.34,45.15,87.0,3.61,101.6
Uganda,3228,126625,UGA,39647506,72.66666666666667,55.57142857142857,61.92857142857143,1.3333333333333333,1.8571428571428572,2.0,3417.3,50.49,1.72,0.5,259.0,24.36,220.77,2279.97,0.0,63.37,2.87,4.82,51.66,93.0,1.96,31.25
Cyprus,577,125947,CYP,1170187,178.0,214.71428571428572,185.0,0.3333333333333333,0.2857142857142857,0.42857142857142855,3326.0,17.29,7.07,3.4,0.0,66.81,129.72,41514.51,389962.0,80.98,0.25,1.32,4.79,96.0,14.05,50.42
Cambodia,2835,119160,KHM,15766293,70.66666666666667,78.14285714285714,90.85714285714286,5.666666666666667,5.857142857142857,6.571428571428571,14850.0,25.61,0.13,0.9,650.0,23.8,93.4,4574.4,779205.0,69.82,2.46,2.48,23.03,92.0,4.72,129.59
El Salvador,3690,116258,SLV,6356143,945.3333333333334,405.14285714285717,283.42857142857144,6.666666666666667,7.428571428571429,8.214285714285714,26305.0,24.47,3.96,1.2,547.0,72.75,311.46,9210.99,249500.0,73.32,0.08,2.02,15.8,81.0,8.47,66.78
China,4849,110330,CHN,1378665000,76.0,84.57142857142857,76.14285714285714,0.0,0.0,0.0,4963752.0,52.66,4.6,4.31,68141.0,60.31,148.3,16846.8,242030000.0,76.91,2.9,1.7,3.55,99.0,11.47,32.06
Cameroon,1731,104348,CMR,23926539,0.0,264.14285714285717,289.92857142857144,0.0,6.428571428571429,9.357142857142858,4724.0,72.79,3.32,1.3,1004.0,56.97,54.74,3796.31,397023.5,59.29,2.45,4.51,51.82,67.0,2.72,25.78
Rwanda,1334,99978,RWA,11668818,26.666666666666668,35.857142857142854,39.07142857142857,0.6666666666666666,0.2857142857142857,1.0,19419.0,43.21,0.99,1.6,0.0,17.31,511.83,2321.37,0.0,69.02,3.35,3.99,38.18,98.0,3.03,37.36
Jamaica,2287,89746,JAM,2906238,93.33333333333333,89.0,93.92857142857143,5.0,6.285714285714286,7.428571428571429,1215.27,13.4,7.72,1.72,0.0,55.98,272.23,10594.28,1873399.0,74.47,3.91,1.96,8.97,96.0,8.92,50.06
Maldives,245,88966,MDV,475513,150.0,150.14285714285714,135.35714285714286,0.0,0.2857142857142857,0.35714285714285715,27199.0,7.8,5.82,4.3,0.0,40.24,1769.86,20357.01,107728.2,78.92,0.22,1.84,8.16,99.0,3.64,57.58
Luxembourg,851,83294,LUX,582014,150.66666666666666,230.14285714285714,192.21428571428572,0.6666666666666666,1.1428571428571428,0.6428571428571429,51938.0,10.36,5.6,4.26,288.0,91.22,255.14,120962.19,0.0,82.45,1.74,1.34,5.36,99.0,14.27,57.25
Senegal,1880,73939,SEN,14993528,2.0,2.7142857142857144,3.0714285714285716,0.0,0.2857142857142857,0.14285714285714285,5980.0,40.7,6.47,0.3,906.0,47.65,84.64,3544.49,562875.0,67.94,1.76,4.56,43.75,93.0,3.1,52.87
Angola,1721,64724,AGO,28842484,37.333333333333336,38.0,56.714285714285715,0.6666666666666666,1.1428571428571428,1.4285714285714286,13647.0,32.39,6.93,0.8,0.0,66.18,25.53,6905.65,672212.5,61.15,17.08,5.44,59.16,57.0,2.2,54.63
Malawi,2302,61818,MWI,17205289,5.0,2.5714285714285716,3.7857142857142856,0.0,0.0,0.42857142857142855,1354.0,23.57,5.56,1.3,797.0,17.17,197.59,1114.83,0.0,64.26,9.37,4.13,49.65,95.0,2.64,35.48
Cote d'Ivoire,699,61426,CIV,23822714,13.0,16.428571428571427,15.571428571428571,0.3333333333333333,0.42857142857142855,0.6428571428571429,12890.0,25.89,3.17,0.4,639.0,51.24,80.87,5432.99,913300.0,57.78,-1.11,4.59,54.31,84.0,2.87,39.22
Trinidad and Tobago,1785,59658,TTO,1377564,359.0,319.85714285714283,275.7142857142857,10.666666666666666,10.857142857142858,9.642857142857142,35175.0,24.11,3.46,3.02,0.0,53.19,271.92,28151.29,368054.7,73.51,1.0,1.71,6.98,93.0,11.12,58.25
Fiji,675,52298,FJI,872399,17.0,16.857142857142858,19.285714285714285,0.3333333333333333,0.14285714285714285,0.14285714285714285,25859.0,10.84,4.11,2.0,0.0,56.75,48.71,14263.07,145782.4,67.44,1.77,2.75,9.35,99.0,5.62,68.54
Suriname,1117,49602,SUR,564888,67.33333333333333,83.28571428571429,90.57142857142857,3.3333333333333335,3.5714285714285716,3.7857142857142856,2668.0,24.78,6.94,3.0,0.0,66.1,3.73,17378.83,110659.3,71.68,22.0,2.39,11.81,77.0,7.02,90.71
Eswatini,1244,46460,SWZ,1113984,1.6666666666666667,4.285714285714286,5.214285714285714,0.3333333333333333,0.2857142857142857,0.14285714285714285,2270.0,17.17,22.24,2.1,300.0,23.98,66.75,8986.42,0.0,60.19,2.6,2.96,42.08,90.0,4.01,85.74
Madagascar,964,43632,MDG,24894380,0.0,0.8571428571428571,0.7142857142857143,0.0,0.14285714285714285,0.2857142857142857,10600.0,22.54,1.67,0.2,673.0,37.86,46.35,1677.79,199712.5,67.04,5.61,4.03,45.46,79.0,3.04,46.77
Sudan,3099,40433,SDN,39847440,0.0,0.0,0.0,0.0,0.0,0.0,3116.0,55.37,16.76,0.74,4313.0,34.94,23.15,4362.61,469526.0,65.31,50.99,4.35,35.55,93.0,3.63,40.39
Cabo Verde,350,38263,CPV,531146,7.0,6.428571428571429,8.214285714285714,0.3333333333333333,0.14285714285714285,0.07142857142857142,10205.0,34.78,12.07,2.1,0.0,66.19,136.46,7475.12,52378.23,72.98,1.11,2.24,15.83,96.0,4.7,43.29
Malta,462,37931,MLT,455356,39.333333333333336,36.857142857142854,26.214285714285715,0.0,0.14285714285714285,0.14285714285714285,19412.0,13.91,3.4,4.49,0.0,94.68,1575.19,46071.22,2712800.0,82.6,1.64,1.1,7.0,98.0,20.82,66.24
Mauritania,802,37755,MRT,4163534,49.0,55.285714285714285,54.714285714285715,0.3333333333333333,0.7142857142857143,0.7142857142857143,5566.0,47.42,10.13,0.4,728.0,54.51,4.39,5416.86,84457.99,64.92,2.3,4.5,52.71,81.0,3.16,76.9
Gabon,259,36310,GAB,2007873,96.66666666666667,112.14285714285714,100.85714285714286,3.3333333333333335,2.857142857142857,2.0714285714285716,2305.0,44.39,19.64,6.3,810.0,89.74,8.43,15582.31,192998.8,66.47,2.46,3.92,46.27,70.0,3.54,57.84
Guyana,945,36257,GUY,771366,88.0,85.71428571428571,82.35714285714286,4.0,2.857142857142857,3.4285714285714284,1578.0,22.38,13.91,1.71,0.0,26.69,3.98,13635.45,51360.25,69.91,2.09,2.44,17.41,99.0,6.71,88.64
Papua New Guinea,407,31791,PNG,8271760,168.0,282.57142857142856,278.2857142857143,0.3333333333333333,5.285714285714286,5.142857142857143,54328.0,12.29,2.37,4.02,0.0,13.25,19.38,4533.76,338300.0,64.5,3.64,3.52,30.27,35.0,3.51,61.75
Guinea,387,30709,GIN,11738441,9.333333333333334,6.0,4.785714285714286,0.6666666666666666,0.2857142857142857,0.14285714285714285,600.0,26.06,4.14,0.3,0.0,36.5,51.97,2434.61,197739.4,61.6,9.47,4.62,57.96,47.0,2.94,54.87
Belize,509,28162,BLZ,368400,89.33333333333333,144.71428571428572,162.92857142857142,0.0,2.0,2.357142857142857,141329.0,23.01,6.46,1.04,0.0,45.87,17.11,7166.27,44510.0,74.62,0.0,2.27,15.94,98.0,4.87,73.04
Tanzania,725,26196,TZA,53050790,0.0,6.0,5.785714285714286,0.0,0.0,0.0,91864.0,29.08,1.96,0.7,2701.0,34.5,65.48,2772.93,405775.3,65.46,3.46,4.83,54.34,89.0,2.62,23.65
Togo,243,26122,TGO,7509952,5.0,6.142857142857143,8.714285714285714,0.0,0.14285714285714285,0.07142857142857142,12012.0,35.73,3.6,0.7,0.0,42.25,148.6,1681.69,1503169.0,61.04,0.69,4.26,48.56,84.0,2.89,44.14
Benin,161,24804,BEN,10872067,0.0,7.857142857142857,9.0,0.0,0.0,0.0,10.0,39.0,2.32,0.5,758.0,47.86,104.66,3426.33,510895.6,61.77,-0.71,4.77,51.83,76.0,3.26,48.53
Haiti,702,24233,HTI,10839970,53.333333333333336,39.0,43.857142857142854,5.666666666666667,4.428571428571429,2.857142857142857,800.0,15.02,13.48,0.71,0.0,56.19,408.67,3028.31,169967.2,64.0,18.7,2.89,24.66,51.0,5.06,39.86
Somalia,1294,22693,SOM,14185613,0.0,99.28571428571429,49.642857142857146,0.0,12.285714285714286,6.142857142857143,1060.0,32.03,12.79,0.87,0.0,45.55,24.62,0.0,92238.0,57.4,0.0,5.98,61.02,42.0,2.89,0.0
Seychelles,119,22441,SYC,94677,20.0,25.142857142857142,21.857142857142858,0.0,0.0,0.0,18704.0,20.18,0.0,3.6,0.0,57.12,212.23,30898.15,154423.4,73.94,1.81,2.34,13.49,99.0,7.81,106.55
Lesotho,659,21685,LSO,2075001,2.6666666666666665,7.142857142857143,7.0,0.0,0.14285714285714285,0.21428571428571427,200.0,28.03,23.86,1.3,0.0,28.58,70.0,2705.35,0.0,54.33,5.19,3.11,42.19,87.0,4.93,130.12
Barbados,181,20265,BRB,285796,249.66666666666666,320.2857142857143,334.07142857142856,3.6666666666666665,3.5714285714285716,3.0,700.0,23.08,10.1,5.97,0.0,31.16,667.49,16300.42,82204.01,79.19,4.1,1.62,12.9,90.0,16.23,38.88
Burundi,38,20162,BDI,10487998,8.666666666666666,12.0,15.5,0.0,0.0,0.0,1400.0,38.9,1.42,0.79,0.0,13.37,449.01,783.45,0.0,61.58,-0.69,5.32,51.17,93.0,2.31,35.42
Timor-Leste,122,19799,TLS,1219288,1.3333333333333333,1.2857142857142858,1.7857142857142858,0.0,0.0,0.07142857142857142,0.0,19.26,4.42,5.9,0.0,30.95,86.96,3702.84,53289.0,69.5,0.96,3.94,40.06,83.0,4.29,36.92
Mauritius,213,18531,MUS,1263473,72.33333333333333,102.71428571428571,99.14285714285714,4.666666666666667,5.285714285714286,4.285714285714286,14937.0,14.46,6.36,3.4,0.0,40.77,623.5,23841.01,570816.5,74.24,0.41,1.4,7.26,96.0,12.0,55.67
Tajikistan,125,17486,TJK,8663579,0.0,0.0,0.0,0.0,0.0,0.0,4283.0,46.15,6.66,4.67,620.0,27.31,67.16,3650.05,0.0,71.1,6.0,3.56,19.49,97.0,3.09,54.49
Nicaragua,209,16699,NIC,6303974,0.0,39.57142857142857,32.714285714285715,0.0,0.14285714285714285,0.14285714285714285,452.0,17.61,5.14,0.93,0.0,58.76,54.39,5641.57,173481.5,74.48,5.38,2.38,9.45,98.0,5.46,97.21
Mali,576,16406,MLI,17965429,37.333333333333336,44.0,38.57142857142857,1.6666666666666667,1.5714285714285714,1.2142857142857142,0.0,38.53,7.24,0.1,733.0,43.14,16.11,2419.79,0.0,59.31,-1.66,5.78,60.25,77.0,2.5,49.95
Andorra,130,15705,AND,77297,29.0,27.0,20.0,0.0,0.0,0.0,0.0,10.31,0.0,2.5,0.0,87.98,164.14,0.0,0.0,0.0,0.0,1.27,0.0,99.0,0.0,53.63
Burkina Faso,221,15103,BFA,18646378,0.0,44.285714285714285,22.142857142857142,0.0,1.0,0.5,4254.0,42.94,4.62,0.4,518.0,29.98,74.27,2270.44,0.0,61.58,-3.23,5.11,54.1,91.0,2.41,46.44
Iceland,34,14571,ISL,335439,105.33333333333333,118.85714285714286,102.07142857142857,0.0,0.14285714285714285,0.07142857142857142,35823.0,6.48,3.51,2.83,0.0,93.86,3.58,58512.65,330292.0,82.56,3.01,1.75,4.97,91.0,15.19,47.43
Djibouti,186,13493,DJI,929112,0.6666666666666666,1.5714285714285714,2.5,1.0,0.7142857142857143,0.35714285714285715,3900.0,45.55,10.97,1.4,781.0,77.92,42.0,5768.83,932000.0,67.11,3.32,2.68,37.41,85.0,4.61,244.66
Equatorial Guinea,168,13459,GNQ,1215179,17.333333333333332,13.0,20.928571428571427,0.0,0.14285714285714285,0.35714285714285715,8114.0,53.24,7.95,2.1,0.0,72.63,48.34,18625.43,9951.25,58.74,1.24,4.43,59.51,53.0,2.42,65.47
South Sudan,133,12514,SSD,10832512,20.333333333333332,14.857142857142858,15.785714285714286,0.0,0.0,0.0,0.0,45.58,12.01,0.0,0.0,19.9,17.51,1234.73,430000.0,57.85,87.24,4.62,61.3,49.0,3.38,0.0
Central African Republic,100,11579,CAF,4537687,0.0,0.0,4.357142857142857,0.0,0.0,0.0,716.0,56.83,4.04,1.0,0.0,41.77,7.62,985.11,0.0,53.28,2.69,4.64,59.06,47.0,2.81,33.78
New Zealand,32,7776,NZL,4693200,144.33333333333334,150.28571428571428,139.5,0.3333333333333333,0.5714285714285714,0.2857142857142857,192514.0,5.96,4.07,2.57,3908.0,86.62,18.91,45073.2,3444356.0,81.71,1.62,1.72,4.35,92.0,15.99,38.46
Niger,221,6511,NER,20788838,25.666666666666668,20.714285714285715,17.928571428571427,0.3333333333333333,1.1428571428571428,0.9285714285714286,471.0,94.05,0.46,0.39,0.0,16.52,18.4,1276.29,0.0,62.42,-2.49,6.82,59.17,81.0,2.6,26.74
Sierra Leone,121,6398,SLE,7328838,0.0,0.0,0.07142857142857142,0.0,0.0,0.0,2145.0,21.63,4.36,0.4,0.0,42.48,108.25,1792.52,78413.18,54.7,14.8,4.17,56.68,95.0,2.95,53.25
Guinea-Bissau,143,6150,GNB,1782437,0.0,2.2857142857142856,1.3571428571428572,0.0,0.2857142857142857,0.14285714285714285,1200.0,29.77,2.79,1.0,0.0,43.78,68.31,1880.63,28699.98,58.32,0.25,4.4,57.62,84.0,2.86,40.57
Grenada,200,5863,GRD,110261,2.0,1.8571428571428572,3.2857142857142856,0.6666666666666666,0.2857142857142857,0.2857142857142857,0.0,22.72,0.0,3.57,0.0,36.4,329.42,17759.61,26290.0,72.4,0.6,2.04,11.34,92.0,9.68,41.44
Liberia,287,5815,LBR,4586788,0.0,0.0,0.2857142857142857,0.0,0.0,0.0,2200.0,17.98,2.89,0.8,0.0,51.62,51.26,1488.2,91453.84,64.1,23.56,4.25,58.43,74.0,3.29,45.5
San Marino,92,5598,SMR,33504,3.3333333333333335,7.285714285714286,6.357142857142857,0.0,0.0,0.0,0.0,0.0,0.0,3.8,0.0,97.37,564.4,61006.85,0.0,85.42,1.05,1.26,0.0,88.0,0.0,0.0
Chad,175,5107,TCD,14561666,0.0,0.2857142857142857,2.7142857142857144,0.0,0.0,0.07142857142857142,72.0,66.03,1.91,0.4,0.0,23.28,12.66,1646.43,0.0,54.24,-0.97,5.65,63.45,50.0,2.49,51.89
Dominica,33,5070,DMA,71307,36.333333333333336,35.285714285714285,35.42857142857143,0.3333333333333333,0.14285714285714285,0.21428571428571427,0.0,19.49,0.0,3.8,0.0,70.79,95.74,12577.74,8083.0,76.6,1.5,1.9,0.0,99.0,0.0,54.3
Comoros,147,4321,COM,795592,7.0,7.857142857142857,7.285714285714286,0.0,0.0,0.0,1100.0,20.55,7.7,2.16,0.0,29.16,457.22,3188.88,54358.54,64.32,-4.29,4.14,44.07,91.0,3.06,23.07
Antigua and Barbuda,105,4091,ATG,94527,4.333333333333333,4.142857142857143,4.285714285714286,0.3333333333333333,0.42857142857142855,0.42857142857142855,21930.58,18.62,0.0,2.89,0.0,24.51,220.72,22460.02,27656.88,77.02,1.43,1.99,9.83,95.0,9.05,44.47
Liechtenstein,61,3738,LIE,37658,3.3333333333333335,10.857142857142858,7.785714285714286,0.0,0.0,0.07142857142857142,0.0,0.0,0.0,0.0,0.0,14.37,237.62,0.0,0.0,83.04,0.0,1.47,0.0,0.0,0.0,0.0
Sao Tome and Principe,56,3729,STP,203227,3.0,2.142857142857143,2.2857142857142856,0.0,0.0,0.0,468.0,28.54,13.05,2.9,0.0,73.6,224.01,4088.88,49552.86,70.39,7.86,4.27,30.95,95.0,2.96,37.67
Monaco,36,3439,MCO,38070,1.6666666666666667,3.5714285714285716,3.2142857142857144,0.0,0.0,0.0,3.0,0.0,0.0,13.8,0.0,100.0,19223.98,0.0,0.0,0.0,0.0,0.0,0.0,99.0,0.0,0.0
Bhutan,3,2623,BTN,736709,0.0,0.2857142857142857,0.42857142857142855,0.0,0.0,0.0,5067.0,37.93,2.27,1.74,0.0,41.61,20.01,12332.54,0.0,71.78,2.73,1.95,18.21,97.0,6.09,62.24
Solomon Islands,0,20,SLB,619437,0.0,0.0,0.0,0.0,0.0,0.0,11094.0,11.88,0.6,1.4,0.0,24.21,23.93,2808.31,128035.7,73.0,1.63,4.36,23.4,94.0,3.63,66.93
Palau,0,8,PLW,17725,0.0,0.0,0.0,0.0,0.0,0.0,0.0,0.0,0.0,4.8,0.0,80.47,39.13,18315.77,16399.0,69.13,1.28,2.21,0.0,97.0,0.0,65.58
Vanuatu,1,6,VUT,278330,0.0,0.0,0.14285714285714285,0.0,0.0,0.0,13866.0,11.65,1.69,1.7,0.0,25.39,24.6,3249.53,77435.86,70.47,2.76,3.74,16.86,90.0,3.62,42.03
Marshall Islands,0,4,MHL,57735,0.0,0.0,0.0,0.0,0.0,0.0,1967.0,10.24,0.0,2.7,0.0,77.42,326.62,3892.62,30711.22,65.24,0.0,4.05,0.0,79.0,0.0,51.37
Samoa,0,3,WSM,194535,0.0,0.0,0.0,0.0,0.0,0.0,6220.0,11.55,8.22,1.0,0.0,18.06,69.64,6777.78,27221.0,73.32,0.98,3.83,10.37,58.0,4.93,51.63
Kiribati,0,2,KIR,112524,0.0,0.0,0.0,0.0,0.0,0.0,4388.0,10.64,0.0,1.86,0.0,54.84,145.2,2366.11,52099.86,68.37,-1.88,3.53,21.62,97.0,4.08,73.98
Tonga,0,1,TON,101133,0.0,0.0,0.07142857142857142,0.0,0.0,0.0,5255.0,10.79,3.01,2.6,0.0,23.11,145.13,6647.86,76853.95,70.91,7.44,3.52,11.08,99.0,5.94,50.36
